Club,Season,Position,Win,Draw,Loss,GF,GC,GD,Points,Q or R,State,Pokal,Location,Stadium
Bayern München,2021-2022,1,24,5,5,97,37,60,77,Champions League group stage,Bayern,,München,Allianz Arena
Borussia Dortmund,2021-2022,2,22,3,9,85,52,33,69,Champions League group stage,Nordrhein-Westfalen,,Dortmund,Signal Iduna Park
Bayer Leverkusen,2021-2022,3,19,7,8,80,47,33,64,Champions League group stage,Nordrhein-Westfalen,,Leverkusen,BayArena
RB Leipzig,2021-2022,4,17,7,10,72,37,35,58,Champions League group stage,Sachsen,Champion,Leipzig,Red Bull Arena
Union Berlin,2021-2022,5,16,9,9,50,44,6,57,Europa League group stage,Berlin,,Berlin,Stadion An der Alten Försterei
SC Freiburg,2021-2022,6,15,10,9,58,46,12,55,Europa League group stage,Baden-Württemberg,Runner-up,Freiburg,Europa-Park Stadion
1.FC Köln,2021-2022,7,14,10,10,52,49,3,52,Europa League second qualifing round,Nordrhein-Westfalen,,Freiburg,Rhein Neckar Arena
Mainz 05,2021-2022,8,13,7,14,50,45,5,46,,Rheinland-Pfalz,,Mainz,Mewa Arena
TSG 1899 Hoffenheim,2021-2022,9,13,7,14,58,60,-2,46,,Baden-Württemberg,,Sinsheim,PreZero Arena
Borussia Mönchengladbach,2021-2022,10,12,9,13,54,61,-7,45,,Nordrhein-Westfalen,,Mönchengladbach,Borussia Park
Eintracht Frankfurt,2021-2022,11,10,12,12,45,49,-4,42,Champions League group stage,Hessen,,Frankfurt,Deutsche Bank Park
VfL Wolfsburg,2021-2022,12,12,6,16,43,54,-11,42,,Niedersachsen,,Wolfsburg,Volkswagen Arena
VfL Bochum,2021-2022,13,12,6,16,38,52,-14,42,,Nordrhein-Westfalen,,Bochum,Vonovia Ruhrstadion
FC Augsburg,2021-2022,14,10,8,16,39,56,-17,38,,Bayern,,Augsburg,WWK Arena
VfB Stuttgart,2021-2022,15,7,12,15,41,59,-18,33,,Baden-Württemberg,,Stuttgart,Mercedes Benz Arena
Hertha BSC,2021-2022,16,9,6,19,37,71,-34,33,Relegation play-offs,Berlin,,Berlin,Olympiastadion
Arminia Bielefeld,2021-2022,17,5,13,16,27,53,-26,28,Bundesliga 2,Nordrhein-Westfalen,,Bielefeld,Schüco Arena
SpVgg Greuther Fürth,2021-2022,18,3,9,22,28,82,-54,18,Bundesliga 2,Bayern,,Fürth,Spotpark Ronhof Thomas Sommer
Bayern München,2020-2021,1,24,6,4,99,44,55,78,Champions League group stage,Bayern,,München,Allianz Arena
RB Leipzig,2020-2021,2,19,8,7,60,32,28,65,Champions League group stage,Sachsen,Runner-up,Leipzig,Red Bull Arena
Borussia Dortmund,2020-2021,3,20,4,10,75,46,29,64,Champions League group stage,Nordrhein-Westfalen,Champion,Dortmund,Signal Iduna Park
VfL Wolfsburg,2020-2021,4,17,10,7,61,37,24,61,Champions League group stage,Niedersachsen,,Wolfsburg,Volkswagen Arena
Eintracht Frankfurt,2020-2021,5,16,12,6,69,53,16,60,Europa League group stage,Hessen,,Frankfurt,Deutsche Bank Park
Bayer Leverkusen,2020-2021,6,14,10,10,53,39,14,52,Europa League group stage,Nordrhein-Westfalen,,Leverkusen,BayArena
Union Berlin,2020-2021,7,12,14,8,50,43,7,50,Europa League second qualifing round,Berlin,,Berlin,Stadion An der Alten Försterei
Borussia Mönchengladbach,2020-2021,8,13,10,11,64,56,8,49,,Nordrhein-Westfalen,,Mönchengladbach,Borussia Park
VfB Stuttgart,2020-2021,9,12,9,13,56,55,1,45,,Baden-Württemberg,,Stuttgart,Mercedes Benz Arena
SC Freiburg,2020-2021,10,12,9,13,52,52,0,45,,Baden-Württemberg,,Freiburg,Schwarzwald Stadion
TSG 1899 Hoffenheim,2020-2021,11,11,10,13,52,54,−2,43,,Baden-Württemberg,,Sinsheim,PreZero Arena
Mainz 05,2020-2021,12,10,9,15,39,56,−17,39,,Rheinland-Pfalz,,Mainz,Opel Arena
FC Augsburg,2020-2021,13,10,6,18,36,54,−18,36,,Bayern,,Augsburg,SGL Arena
Hertha BSC,2020-2021,14,8,11,15,41,52,−11,35,,Berlin,,Berlin,Olympiastadion
Arminia Bielefeld,2020-2021,15,9,8,17,26,52,−26,35,,Nordrhein-Westfalen,,Bielefeld,Schüco Arena
1.FC Köln,2020-2021,16,8,9,17,34,60,−26,33,Relegation play-offs,Nordrhein-Westfalen,,Köln,Rhein Energie Stadion
Werder Bremen,2020-2021,17,7,10,17,36,57,−21,31,Bundesliga 2,Bremen,,Bremen,Weserstadion
Schalke 04,2020-2021,18,3,7,24,25,86,−61,16,Bundesliga 2,Nordrhein-Westfalen,,Gelsenkirchen,Veltins Arena
Bayern München,2019-2020,1,26,4,4,100,32,68,82,Champions League group stage,Bayern,Champion,München,Allianz Arena
Borussia Dortmund,2019-2020,2,21,6,7,84,41,43,69,Champions League group stage,Nordrhein-Westfalen,,Dortmund,Signal Iduna Park
RB Leipzig,2019-2020,3,18,12,4,81,37,44,66,Champions League group stage,Sachsen,,Leipzig,Red Bull Arena
Borussia Mönchengladbach,2019-2020,4,20,5,9,66,40,26,65,Champions League group stage,Nordrhein-Westfalen,,Mönchengladbach,Borussia Park
Bayer Leverkusen,2019-2020,5,19,6,9,61,44,17,63,Europa League group stage,Nordrhein-Westfalen,Runner-up,Leverkusen,BayArena
TSG 1899 Hoffenheim,2019-2020,6,15,7,12,53,53,0,52,Europa League group stage,Baden-Württemberg,,Sinsheim,PreZero Arena
VfL Wolfsburg,2019-2020,7,13,10,11,48,46,2,49,Europa League second qualifing round,Niedersachsen,,Wolfsburg,Volkswagen Arena
SC Freiburg,2019-2020,8,13,9,12,48,47,1,48,,Baden-Württemberg,,Freiburg,Schwarzwald Stadion
Eintracht Frankfurt,2019-2020,9,13,6,15,59,60,−1,45,,Hessen,,Frankfurt,Deutsche Bank Park
Hertha BSC,2019-2020,10,11,8,15,48,59,−11,41,,Berlin,,Berlin,Olympiastadion
Union Berlin,2019-2020,11,12,5,17,41,58,−17,41,,Berlin,,Berlin,Stadion An der Alten Försterei
Schalke 04,2019-2020,12,9,12,13,38,58,−20,39,,Nordrhein-Westfalen,,Gelsenkirchen,Veltins Arena
Mainz 05,2019-2020,13,11,4,19,44,65,−21,37,,Rheinland-Pfalz,,Mainz,Opel Arena
1.FC Köln,2019-2020,14,10,6,18,51,69,−18,36,,Nordrhein-Westfalen,,Köln,Rhein Energie Stadion
FC Augsburg,2019-2020,15,9,9,16,45,63,−18,36,,Bayern,,Augsburg,SGL Arena
Werder Bremen,2019-2020,16,8,7,19,42,69,−27,31,Relegation play-offs,Bremen,,Bremen,Weserstadion
Fortuna Düsseldorf,2019-2020,17,6,12,16,36,67,−31,30,Bundesliga 2,Nordrhein-Westfalen,,Düsseldorf,Merkur Spiel Arena
SC Paderborn 07,2019-2020,18,4,8,22,37,74,−37,20,Bundesliga 2,Nordrhein-Westfalen,,Paderborn,Energieteam Arena
Bayern München,2018-2019,1,24,6,4,88,32,56,78,Champions League group stage,Bayern,Champion,München,Allianz Arena
Borussia Dortmund,2018-2019,2,23,7,4,81,44,37,76,Champions League group stage,Nordrhein-Westfalen,,Dortmund,Signal Iduna Park
RB Leipzig,2018-2019,3,19,9,6,63,29,34,66,Champions League group stage,Sachsen,Runner-up,Leipzig,Red Bull Arena
Bayer Leverkusen,2018-2019,4,18,4,12,69,52,17,58,Champions League group stage,Nordrhein-Westfalen,,Leverkusen,BayArena
Borussia Mönchengladbach,2018-2019,5,16,7,11,55,42,13,55,Europa League group stage,Nordrhein-Westfalen,,Mönchengladbach,Borussia Park
VfL Wolfsburg,2018-2019,6,16,7,11,62,50,12,55,Europa League group stage,Niedersachsen,,Wolfsburg,Volkswagen Arena
Eintracht Frankfurt,2018-2019,7,15,9,10,60,48,12,54,Europa League second qualifing round,Hessen,,Frankfurt,Deutsche Bank Park
Werder Bremen,2018-2019,8,14,11,9,58,49,9,53,,Bremen,,Bremen,Weserstadion
TSG 1899 Hoffenheim,2018-2019,9,13,12,9,70,52,18,51,,Baden-Württemberg,,Sinsheim,Wirsol Rhein Neckar Arena
Fortuna Düsseldorf,2018-2019,10,13,5,16,49,65,−16,44,,Nordrhein-Westfalen,,Düsseldorf,Merkur Spiel Arena
Hertha BSC,2018-2019,11,11,10,13,49,57,−8,43,,Berlin,,Berlin,Olympiastadion
Mainz 05,2018-2019,12,12,7,15,46,57,−11,43,,Rheinland-Pfalz,,Mainz,Opel Arena
SC Freiburg,2018-2019,13,8,12,14,46,61,−15,36,,Baden-Württemberg,,Freiburg,Schwarzwald Stadion
Schalke 04,2018-2019,14,8,9,17,37,55,−18,33,,Nordrhein-Westfalen,,Gelsenkirchen,Veltins Arena
FC Augsburg,2018-2019,15,8,8,18,51,71,−20,32,,Bayern,,Augsburg,SGL Arena
VfB Stuttgart,2018-2019,16,7,7,20,32,70,−38,28,Relegation play-offs,Baden-Württemberg,,Stuttgart,Mercedes Benz Arena
Hannover 96,2018-2019,17,5,6,23,31,71,−40,21,Bundesliga 2,Niedersachsen,,Hanover,HDI Arena
1.FC Nürnberg,2018-2019,18,3,10,21,26,68,−42,19,Bundesliga 2,Bayern,,Nürnberg,Max Morlock Stadion
Bayern München,2017-2018,1,27,3,4,92,28,64,84,Champions League group stage,Bayern,Runner-up,München,Allianz Arena
Schalke 04,2017-2018,2,18,9,7,53,37,16,63,Champions League group stage,Nordrhein-Westfalen,,Gelsenkirchen,Veltins Arena
TSG 1899 Hoffenheim,2017-2018,3,15,10,9,66,48,18,55,Champions League group stage,Baden-Württemberg,,Sinsheim,Wirsol Rhein Neckar Arena
Borussia Dortmund,2017-2018,4,15,10,9,64,47,17,55,Champions League group stage,Nordrhein-Westfalen,,Dortmund,Signal Iduna Park
Bayer Leverkusen,2017-2018,5,15,10,9,58,44,14,55,Europa League group stage,Nordrhein-Westfalen,,Leverkusen,BayArena
RB Leipzig,2017-2018,6,15,8,11,57,53,4,53,Europa League second qualifing round,Sachsen,,Leipzig,Red Bull Arena
VfB Stuttgart,2017-2018,7,15,6,13,36,36,0,51,,Baden-Württemberg,,Stuttgart,Mercedes Benz Arena
Eintracht Frankfurt,2017-2018,8,14,7,13,45,45,0,49,Europa League group stage,Hessen,Champion,Frankfurt,Deutsche Bank Park
Borussia Mönchengladbach,2017-2018,9,13,8,13,47,52,−5,47,,Nordrhein-Westfalen,,Mönchengladbach,Borussia Park
Hertha BSC,2017-2018,10,10,13,11,43,46,−3,43,,Berlin,,Berlin,Olympiastadion
Werder Bremen,2017-2018,11,10,12,12,37,40,−3,42,,Bremen,,Bremen,Weserstadion
FC Augsburg,2017-2018,12,10,11,13,43,46,−3,41,,Bayern,,Augsburg,SGL Arena
Hannover 96,2017-2018,13,10,9,15,44,54,−10,39,,Niedersachsen,,Hanover,HDI Arena
Mainz 05,2017-2018,14,9,9,16,38,52,−14,36,,Rheinland-Pfalz,,Mainz,Opel Arena
SC Freiburg,2017-2018,15,8,12,14,32,56,−24,36,,Baden-Württemberg,,Freiburg,Schwarzwald Stadion
VfL Wolfsburg,2017-2018,16,6,15,13,36,48,−12,33,Relegation play-offs,Niedersachsen,,Wolfsburg,Volkswagen Arena
Hamburger SV,2017-2018,17,8,7,19,29,53,−24,31,Bundesliga 2,Hamburg,,Hamburg,Volksparkstadion
1.FC Köln,2017-2018,18,5,7,22,35,70,−35,22,Bundesliga 2,Nordrhein-Westfalen,,Köln,Rhein Energie Stadion
Bayern München,2016-2017,1,25,7,2,89,22,67,82,Champions League group stage,Bayern,,München,Allianz Arena
RB Leipzig,2016-2017,2,20,7,7,66,39,27,67,Champions League group stage,Sachsen,,Leipzig,Red Bull Arena
Borussia Dortmund,2016-2017,3,18,10,6,72,40,32,64,Champions League group stage,Nordrhein-Westfalen,Champion,Dortmund,Signal Iduna Park
TSG 1899 Hoffenheim,2016-2017,4,16,14,4,64,37,27,62,Champions League play off round,Baden-Württemberg,,Sinsheim,Wirsol Rhein Neckar Arena
1.FC Köln,2016-2017,5,12,13,9,51,42,9,49,Europa League group stage,Nordrhein-Westfalen,,Köln,Rhein Energie Stadion
Hertha BSC,2016-2017,6,15,4,15,43,47,−4,49,Europa League group stage,Berlin,,Berlin,Olympiastadion
SC Freiburg,2016-2017,7,14,6,14,42,60,−18,48,Europa League third qualifing round,Baden-Württemberg,,Freiburg,Schwarzwald Stadion
Werder Bremen,2016-2017,8,13,6,15,61,64,−3,45,,Bremen,,Bremen,Weserstadion
Borussia Mönchengladbach,2016-2017,9,12,9,13,45,49,−4,45,,Nordrhein-Westfalen,,Mönchengladbach,Borussia Park
Schalke 04,2016-2017,10,11,10,13,45,40,5,43,,Nordrhein-Westfalen,,Gelsenkirchen,Veltins Arena
Eintracht Frankfurt,2016-2017,11,11,9,14,36,43,−7,42,,Hessen,Runner-up,Frankfurt,Deutsche Bank Park
Bayer Leverkusen,2016-2017,12,11,8,15,53,55,−2,41,,Nordrhein-Westfalen,,Leverkusen,BayArena
FC Augsburg,2016-2017,13,9,11,14,35,51,−16,38,,Bayern,,Augsburg,SGL Arena
Hamburger SV,2016-2017,14,10,8,16,33,61,−28,38,,Hamburg,,Hamburg,Volksparkstadion
Mainz 05,2016-2017,15,10,7,17,44,55,−11,37,,Rheinland-Pfalz,,Mainz,Opel Arena
VfL Wolfsburg,2016-2017,16,10,7,17,34,52,−18,37,Relegation play-offs,Niedersachsen,,Wolfsburg,Volkswagen Arena
FC Ingolstadt,2016-2017,17,8,8,18,36,57,−21,32,Bundesliga 2,Bayern,,Ingolstadt,Audi Sportpark
Darmstadt 98,2016-2017,18,7,4,23,28,63,−35,25,Bundesliga 2,Hessen,,Darmstadt,Stadio am Böllenfalltor
Bayern München,2015-2016,1,28,4,2,80,17,63,88,Champions League group stage,Bayern,Champion,München,Allianz Arena
Borussia Dortmund,2015-2016,2,24,6,4,82,34,48,78,Champions League group stage,Nordrhein-Westfalen,Runner-up,Dortmund,Signal Iduna Park
Bayer Leverkusen,2015-2016,3,18,6,10,56,40,16,60,Champions League group stage,Nordrhein-Westfalen,,Leverkusen,BayArena
Borussia Mönchengladbach,2015-2016,4,17,4,13,67,50,17,55,Champions League play off round,Nordrhein-Westfalen,,Mönchengladbach,Borussia Park
Schalke 04,2015-2016,5,15,7,12,51,49,2,52,Europa League group stage,Nordrhein-Westfalen,,Gelsenkirchen,Veltins Arena
Mainz 05,2015-2016,6,14,8,12,46,42,4,50,Europa League group stage,Rheinland-Pfalz,,Mainz,Coface Arena
Hertha BSC,2015-2016,7,14,8,12,42,42,0,50,Europa League third qualifing round,Berlin,,Berlin,Olympiastadion
VfL Wolfsburg,2015-2016,8,12,9,13,47,49,−2,45,,Niedersachsen,,Wolfsburg,Volkswagen Arena
1.FC Köln,2015-2016,9,10,13,11,38,42,−4,43,,Nordrhein-Westfalen,,Köln,Rhein Energie Stadion
Hamburger SV,2015-2016,10,11,8,15,40,46,−6,41,,Hamburg,,Hamburg,Volksparkstadion
FC Ingolstadt,2015-2016,11,10,10,14,33,42,−9,40,,Bayern,,Ingolstadt,Audi Sportpark
FC Augsburg,2015-2016,12,9,11,14,42,52,−10,38,,Bayern,,Augsburg,WWK Arena
Werder Bremen,2015-2016,13,10,8,16,50,65,−15,38,,Bremen,,Bremen,Weserstadion
Darmstadt 98,2015-2016,14,9,11,14,38,53,−15,38,,Hessen,,Darmstadt,Merck-Stadion am Böllenfalltor
TSG 1899 Hoffenheim,2015-2016,15,9,10,15,39,54,−15,37,,Baden-Württemberg,,Sinsheim,Wirsol Rhein Neckar Arena
Eintracht Frankfurt,2015-2016,16,9,9,16,34,52,−18,36,Relegation play-offs,Hessen,,Frankfurt,Deutsche Bank Park
VfB Stuttgart,2015-2016,17,9,6,19,50,75,−25,33,Bundesliga 2,Baden-Württemberg,,Stuttgart,Mercedes Benz Arena
Hannover 96,2015-2016,18,7,4,23,31,62,−31,25,Bundesliga 2,Niedersachsen,,Hanover,HDI Arena
Bayern München,2014-2015,1,25,4,5,80,18,62,79,Champions League group stage,Bayern,,München,Allianz Arena
VfL Wolfsburg,2014-2015,2,20,9,5,72,38,34,69,Champions League group stage,Niedersachsen,Champion,Wolfsburg,Volkswagen Arena
Borussia Mönchengladbach,2014-2015,3,19,9,6,53,26,27,66,Champions League group stage,Nordrhein-Westfalen,,Mönchengladbach,Borussia Park
Bayer Leverkusen,2014-2015,4,17,10,7,62,37,25,61,Champions League play off round,Nordrhein-Westfalen,,Leverkusen,BayArena
FC Augsburg,2014-2015,5,15,4,15,43,43,0,49,Europa League group stage,Bayern,,Augsburg,SGL Arena
Schalke 04,2014-2015,6,13,9,12,42,40,2,48,Europa League group stage,Nordrhein-Westfalen,,Gelsenkirchen,Veltins Arena
Borussia Dortmund,2014-2015,7,13,7,14,47,42,5,46,Europa League third qualifing round,Nordrhein-Westfalen,Runner-up,Dortmund,Signal Iduna Park
TSG 1899 Hoffenheim,2014-2015,8,12,8,14,49,55,−6,44,,Baden-Württemberg,,Sinsheim,Wirsol Rhein Neckar Arena
Eintracht Frankfurt,2014-2015,9,11,10,13,56,62,−6,43,,Hessen,,Frankfurt,Commerzbank-Arena
Werder Bremen,2014-2015,10,11,10,13,50,65,−15,43,,Bremen,,Bremen,Weserstadion
Mainz 05,2014-2015,11,9,13,12,45,47,−2,40,,Rheinland-Pfalz,,Mainz,Coface Arena
1.FC Köln,2014-2015,12,9,13,12,34,40,−6,40,,Nordrhein-Westfalen,,Köln,Rhein Energie Stadion
Hannover 96,2014-2015,13,9,10,15,40,56,−16,37,,Niedersachsen,,Hanover,HDI Arena
VfB Stuttgart,2014-2015,14,9,9,16,42,60,−18,36,,Baden-Württemberg,,Stuttgart,Mercedes Benz Arena
Hertha BSC,2014-2015,15,9,8,17,36,52,−16,35,,Berlin,,Berlin,Olympiastadion
Hamburger SV,2014-2015,16,9,8,17,25,50,−25,35,Relegation play-offs,Hamburg,,Hamburg,Volksparkstadion
SC Freiburg,2014-2015,17,7,13,14,36,47,−11,34,Bundesliga 2,Baden-Württemberg,,Freiburg,Schwarzwald Stadion
SC Paderborn 07,2014-2015,18,7,10,17,31,65,−34,31,Bundesliga 2,Nordrhein-Westfalen,,Paderborn,Benteler Arena
Bayern München,2013-2014,1,29,3,2,94,23,71,90,Champions League group stage,Bayern,Champion,München,Allianz Arena
Borussia Dortmund,2013-2014,2,22,5,7,80,38,42,71,Champions League play off round,Nordrhein-Westfalen,Runner-up,Dortmund,Signal Iduna Park
Schalke 04,2013-2014,3,19,7,8,63,43,20,64,Europa League group stage,Nordrhein-Westfalen,,Gelsenkirchen,Veltins Arena
Bayer Leverkusen,2013-2014,4,19,4,11,60,41,19,61,Europa League play off round,Nordrhein-Westfalen,,Leverkusen,BayArena
VfL Wolfsburg,2013-2014,5,18,6,10,63,50,13,60,Europa League third qualifing round,Niedersachsen,,Wolfsburg,Volkswagen Arena
Borussia Mönchengladbach,2013-2014,6,16,7,11,59,43,16,55,,Nordrhein-Westfalen,,Mönchengladbach,Borussia Park
Mainz 05,2013-2014,7,16,5,13,52,54,−2,53,,Rheinland-Pfalz,,Mainz,Coface Arena
FC Augsburg,2013-2014,8,15,7,12,47,47,0,52,,Bayern,,Augsburg,SGL Arena
TSG 1899 Hoffenheim,2013-2014,9,11,11,12,72,70,2,44,,Baden-Württemberg,,Sinsheim,Rhein Neckar Arena
Hannover 96,2013-2014,10,12,6,16,46,59,−13,42,,Niedersachsen,,Hanover,HDI Arena
Hertha BSC,2013-2014,11,11,8,15,40,48,−8,41,,Berlin,,Berlin,Olympiastadion
Werder Bremen,2013-2014,12,10,9,15,42,66,−24,39,,Bremen,,Bremen,Weserstadion
Eintracht Frankfurt,2013-2014,13,9,9,16,40,57,−17,36,,Hessen,,Frankfurt,Deutsche Bank Park
SC Freiburg,2013-2014,14,9,9,16,43,61,−18,36,,Baden-Württemberg,,Freiburg,Schwarzwald Stadion
VfB Stuttgart,2013-2014,15,8,8,18,49,62,−13,32,,Baden-Württemberg,,Stuttgart,Mercedes Benz Arena
Hamburger SV,2013-2014,16,7,6,21,51,75,−24,27,Relegation play-offs,Hamburg,,Hamburg,Volksparkstadion
1.FC Nürnberg,2013-2014,17,5,11,18,37,70,−33,26,Bundesliga 2,Bayern,,Nürnberg,Grundig-Stadion
Eintracht Braunschweig,2013-2014,18,6,7,21,29,60,−31,25,Bundesliga 2,Niedersachsen,,Braunschweig,Eintracht Stadion
Bayern München,2012-2013,1,29,4,1,98,18,80,91,Champions League group stage,Bayern,Champion,München,Allianz Arena
Borussia Dortmund,2012-2013,2,19,9,6,81,42,39,66,Champions League play off round,Nordrhein-Westfalen,,Dortmund,Signal Iduna Park
Bayer Leverkusen,2012-2013,3,19,8,7,65,39,26,65,Europa League group stage,Nordrhein-Westfalen,,Leverkusen,BayArena
Schalke 04,2012-2013,4,16,7,11,58,50,8,55,Europa League play off round,Nordrhein-Westfalen,,Gelsenkirchen,Veltins Arena
SC Freiburg,2012-2013,5,14,9,11,45,40,5,51,,Baden-Württemberg,,Freiburg,Schwarzwald Stadion
Eintracht Frankfurt,2012-2013,6,14,9,11,49,46,3,51,,Hessen,,Frankfurt,Deutsche Bank Park
Hamburger SV,2012-2013,7,14,6,14,42,53,−11,48,,Hamburg,,Hamburg,Volksparkstadion
Borussia Mönchengladbach,2012-2013,8,12,11,11,45,49,−4,47,,Nordrhein-Westfalen,,Mönchengladbach,Borussia Park
Hannover 96,2012-2013,9,13,6,15,60,62,−2,45,,Niedersachsen,,Hanover,HDI Arena
1.FC Nürnberg,2012-2013,10,11,11,12,39,47,−8,44,,Bayern,,Nürnberg,Frankenstadion
VfL Wolfsburg,2012-2013,11,10,13,11,47,52,−5,43,,Niedersachsen,,Wolfsburg,Volkswagen Arena
VfB Stuttgart,2012-2013,12,10,13,11,47,52,−5,43,Europa League third qualifing round,Baden-Württemberg,Runner-up,Stuttgart,Mercedes Benz Arena
Mainz 05,2012-2013,13,10,12,12,42,44,−2,42,,Rheinland-Pfalz,,Mainz,Coface Arena
Werder Bremen,2012-2013,14,8,10,16,50,66,−16,34,,Bremen,,Bremen,Weserstadion
FC Augsburg,2012-2013,15,8,9,17,33,51,−18,33,,Bayern,,Augsburg,SGL Arena
TSG 1899 Hoffenheim,2012-2013,16,8,7,19,42,67,−25,31,Relegation play-offs,Baden-Württemberg,,Sinsheim,Rhein Neckar Arena
Fortuna Düsseldorf,2012-2013,17,7,9,18,39,57,−18,30,Bundesliga 2,Nordrhein-Westfalen,,Düsseldorf,Merkur Spiel Arena
SpVgg Greuther Fürth,2012-2013,18,4,9,21,26,60,−34,21,Bundesliga 2,Bayern,,Fürth,Trolli Arena
Borussia Dortmund,2011-2012,1,25,6,3,80,25,55,81,Champions League group stage,Nordrhein-Westfalen,Champion,Dortmund,Signal Iduna Park
Bayern München,2011-2012,2,23,4,7,77,22,55,73,Champions League play off round,Bayern,Runner-up,München,Allianz Arena
Schalke 04,2011-2012,3,20,4,10,74,44,30,64,Europa League group stage,Nordrhein-Westfalen,,Gelsenkirchen,Veltins Arena
Borussia Mönchengladbach,2011-2012,4,17,9,8,49,24,25,60,Europa League play off round,Nordrhein-Westfalen,,Mönchengladbach,Borussia Park
Bayer Leverkusen,2011-2012,5,15,9,10,52,44,8,54,Europa League third qualifing round,Nordrhein-Westfalen,,Leverkusen,BayArena
VfB Stuttgart,2011-2012,6,15,8,11,63,46,17,53,,Baden-Württemberg,,Stuttgart,Mercedes Benz Arena
Hannover 96,2011-2012,7,12,12,10,41,45,−4,48,,Niedersachsen,,Hanover,HDI Arena
VfL Wolfsburg,2011-2012,8,13,5,16,47,60,−13,44,,Niedersachsen,,Wolfsburg,Volkswagen Arena
Werder Bremen,2011-2012,9,11,9,14,49,58,−9,42,,Bremen,,Bremen,Weserstadion
1.FC Nürnberg,2011-2012,10,12,6,16,38,49,−11,42,,Bayern,,Nürnberg,Easy Credit Stadion
TSG 1899 Hoffenheim,2011-2012,11,10,11,13,41,47,−6,41,,Baden-Württemberg,,Sinsheim,Rhein Neckar Arena
SC Freiburg,2011-2012,12,10,10,14,45,61,−16,40,,Baden-Württemberg,,Freiburg,Schwarzwald Stadion
Mainz 05,2011-2012,13,9,12,13,47,51,−4,39,,Rheinland-Pfalz,,Mainz,Coface Arena
FC Augsburg,2011-2012,14,8,14,12,36,49,−13,38,,Bayern,,Augsburg,SGL Arena
Hamburger SV,2011-2012,15,8,12,14,35,57,−22,36,,Hamburg,,Hamburg,Volksparkstadion
Hertha BSC,2011-2012,16,7,10,17,38,64,−26,31,Relegation play-offs,Berlin,,Berlin,Olympiastadion
1.FC Köln,2011-2012,17,8,6,20,39,75,−36,30,Bundesliga 2,Nordrhein-Westfalen,,Köln,Rhein Energie Stadion
1.FC Kaiserslautern,2011-2012,18,4,11,19,24,54,−30,23,Bundesliga 2,Rheinland-Pfalz,,Kaiserslautern,Fritz Walter Stadion
Borussia Dortmund,2010-2011,1,23,6,5,67,22,45,75,Champions League group stage,Nordrhein-Westfalen,,Dortmund,Signal Iduna Park
Bayer Leverkusen,2010-2011,2,20,8,6,64,44,20,68,Champions League play off round,Nordrhein-Westfalen,,Leverkusen,BayArena
Bayern München,2010-2011,3,19,8,7,81,40,41,65,Europa League play off round,Bayern,,München,Allianz Arena
Hannover 96,2010-2011,4,19,3,12,49,45,4,60,Europa League third qualifing round,Niedersachsen,,Hanover,HDI Arena
Mainz 05,2010-2011,5,18,4,12,52,39,13,58,,Rheinland-Pfalz,,Mainz,Bruchwegstadion
1.FC Nürnberg,2010-2011,6,13,8,13,47,45,2,47,,Bayern,,Nürnberg,Easy Credit Stadion
1.FC Kaiserslautern,2010-2011,7,13,7,14,48,51,−3,46,,Rheinland-Pfalz,,Kaiserslautern,Fritz Walter Stadion
Hamburger SV,2010-2011,8,12,9,13,46,52,−6,45,,Hamburg,,Hamburg,Volksparkstadion
SC Freiburg,2010-2011,9,13,5,16,41,50,−9,44,,Baden-Württemberg,,Freiburg,Schwarzwald Stadion
1.FC Köln,2010-2011,10,13,5,16,47,62,−15,44,,Nordrhein-Westfalen,,Köln,Rhein Energie Stadion
TSG 1899 Hoffenheim,2010-2011,11,11,10,13,50,50,0,43,,Baden-Württemberg,,Sinsheim,Rhein Neckar Arena
VfB Stuttgart,2010-2011,12,12,6,16,60,59,1,42,,Baden-Württemberg,,Stuttgart,Mercedes Benz Arena
Werder Bremen,2010-2011,13,10,11,13,47,61,−14,41,,Bremen,,Bremen,Weserstadion
Schalke 04,2010-2011,14,11,7,16,38,44,−6,40,Europa League play off round,Nordrhein-Westfalen,Champion,Gelsenkirchen,Veltins Arena
VfL Wolfsburg,2010-2011,15,9,11,14,43,48,−5,38,,Niedersachsen,,Wolfsburg,Volkswagen Arena
Borussia Mönchengladbach,2010-2011,16,10,6,18,48,65,−17,36,Relegation play-offs,Nordrhein-Westfalen,,Mönchengladbach,Borussia Park
Eintracht Frankfurt,2010-2011,17,9,7,18,31,49,−18,34,Bundesliga 2,Hessen,,Frankfurt,Deutsche Bank Park
FC St. Pauli,2010-2011,18,8,5,21,35,68,−33,29,Bundesliga 2,Hamburg,,Hamburg,Millerntor Stadion
Bayern München,2009-2010,1,20,10,4,72,31,41,70,Champions League group stage,Bayern,Champion,München,Allianz Arena
Schalke 04,2009-2010,2,19,8,7,53,31,22,65,Champions League group stage,Nordrhein-Westfalen,,Gelsenkirchen,Veltins Arena
Werder Bremen,2009-2010,3,17,10,7,71,40,31,61,Champions League play-off round,Bremen,Runner-up,Bremen,Weserstadion
Bayer Leverkusen,2009-2010,4,15,14,5,65,38,27,59,Europa League play off round,Nordrhein-Westfalen,,Leverkusen,BayArena
Borussia Dortmund,2009-2010,5,16,9,9,54,42,12,57,Europa League play off round,Nordrhein-Westfalen,,Dortmund,Signal Iduna Park
VfB Stuttgart,2009-2010,6,15,10,9,51,41,10,55,Europa League third qualifing round,Baden-Württemberg,,Stuttgart,Mercedes Benz Arena
Hamburger SV,2009-2010,7,13,13,8,56,41,15,52,,Hamburg,,Hamburg,Volksparkstadion
VfL Wolfsburg,2009-2010,8,14,8,12,64,58,6,50,,Niedersachsen,,Wolfsburg,Volkswagen Arena
Mainz 05,2009-2010,9,12,11,11,36,42,−6,47,,Rheinland-Pfalz,,Mainz,Bruchwegstadion
Eintracht Frankfurt,2009-2010,10,12,10,12,47,54,−7,46,,Hessen,,Frankfurt,Deutsche Bank Park
TSG 1899 Hoffenheim,2009-2010,11,11,9,14,44,42,2,42,,Baden-Württemberg,,Sinsheim,Rhein Neckar Arena
Borussia Mönchengladbach,2009-2010,12,10,9,15,43,60,−17,39,,Nordrhein-Westfalen,,Mönchengladbach,Borussia Park
1.FC Köln,2009-2010,13,9,11,14,33,42,−9,38,,Nordrhein-Westfalen,,Köln,Rhein Energie Stadion
SC Freiburg,2009-2010,14,9,8,17,35,59,−24,35,,Baden-Württemberg,,Freiburg,Schwarzwald Stadion
Hannover 96,2009-2010,15,9,6,19,43,67,−24,33,,Niedersachsen,,Hanover,HDI Arena
1.FC Nürnberg,2009-2010,16,8,7,19,32,58,−26,31,Relegation play-offs,Bayern,,Nürnberg,Easy Credit Stadion
VfL Bochum,2009-2010,17,6,10,18,33,64,−31,28,Bundesliga 2,Nordrhein-Westfalen,,Bochum,Rewirpowerstadion
Hertha BSC,2009-2010,18,5,9,20,34,56,−22,24,Bundesliga 2,Berlin,,Berlin,Olympiastadion
VfL Wolfsburg,2008-2009,1,21,6,7,80,41,39,69,Champions League group stage,Niedersachsen,,Wolfsburg,Volkswagen Arena
Bayern München,2008-2009,2,20,7,7,71,42,29,67,Champions League group stage,Bayern,,München,Allianz Arena
VfB Stuttgart,2008-2009,3,19,7,8,63,43,20,64,Champions League play-off round,Baden-Württemberg,,Stuttgart,Mercedes Benz Arena
Hertha BSC,2008-2009,4,19,6,9,48,41,7,63,Europa League play off round,Berlin,,Berlin,Olympiastadion
Hamburger SV,2008-2009,5,19,4,11,49,47,2,61,Europa League third qualifing round,Hamburg,,Hamburg,Volksparkstadion
Borussia Dortmund,2008-2009,6,15,14,5,60,37,23,59,,Nordrhein-Westfalen,,Dortmund,Signal Iduna Park
TSG 1899 Hoffenheim,2008-2009,7,15,10,9,63,49,14,55,,Baden-Württemberg,,Sinsheim,Rhein Neckar Arena
Schalke 04,2008-2009,8,14,8,12,47,35,12,50,,Nordrhein-Westfalen,,Gelsenkirchen,Veltins Arena
Bayer Leverkusen,2008-2009,9,14,7,13,59,46,13,49,,Nordrhein-Westfalen,Runner-up,Leverkusen,BayArena
Werder Bremen,2008-2009,10,12,9,13,64,50,14,45,Europa League play off round,Bremen,Champion,Bremen,Weserstadion
Hannover 96,2008-2009,11,10,10,14,49,69,−20,40,,Niedersachsen,,Hanover,HDI Arena
1.FC Köln,2008-2009,12,11,6,17,35,50,−15,39,,Nordrhein-Westfalen,,Köln,Rhein Energie Stadion
Eintracht Frankfurt,2008-2009,13,8,9,17,39,60,−21,33,,Hessen,,Frankfurt,Deutsche Bank Park
VfL Bochum,2008-2009,14,7,11,16,39,55,−16,32,,Nordrhein-Westfalen,,Bochum,Rewirpowerstadion
Borussia Mönchengladbach,2008-2009,15,8,7,19,39,62,−23,31,,Nordrhein-Westfalen,,Mönchengladbach,Borussia Park
Energie Cottbus,2008-2009,16,8,6,20,30,57,−27,30,Relegation play-offs,Brandenburg,,Cottbus,Stadion der Freundschaft
Karlsruher SC,2008-2009,17,8,5,21,30,54,−24,29,Bundesliga 2,Baden-Württemberg,,Karlsruhe,Wildparkstadion
Arminia Bielefeld,2008-2009,18,4,16,14,29,56,−27,28,Bundesliga 2,Nordrhein-Westfalen,,Bielefeld,Bielefelder Alm
Bayern München,2007-2008,1,22,10,2,68,21,47,76,Champions League group stage,Bayern,Champion,München,Allianz Arena
Werder Bremen,2007-2008,2,20,6,8,75,45,30,66,Champions League group stage,Bremen,,Bremen,Weserstadion
Schalke 04,2007-2008,3,18,10,6,55,32,23,64,Champions League third qualifying round,Nordrhein-Westfalen,,Gelsenkirchen,Veltins Arena
Hamburger SV,2007-2008,4,14,12,8,47,26,21,54,UEFA Cup first round,Hamburg,,Hamburg,Volksparkstadion
VfL Wolfsburg,2007-2008,5,15,9,10,58,46,12,54,UEFA Cup first round,Niedersachsen,,Wolfsburg,Volkswagen Arena
VfB Stuttgart,2007-2008,6,16,4,14,57,57,0,52,Intertoto Cup third round,Baden-Württemberg,,Stuttgart,Mercedes Benz Arena
Bayer Leverkusen,2007-2008,7,15,6,13,57,40,17,51,,Nordrhein-Westfalen,,Leverkusen,BayArena
Hannover 96,2007-2008,8,13,10,11,54,56,−2,49,,Niedersachsen,,Hanover,HDI Arena
Eintracht Frankfurt,2007-2008,9,12,10,12,43,50,−7,46,,Hessen,,Frankfurt,Deutsche Bank Park
Hertha BSC,2007-2008,10,12,8,14,39,44,−5,44,UEFA Cup first qualifyng round,Berlin,,Berlin,Olympiastadion
Karlsruher SC,2007-2008,11,11,10,13,38,53,−15,43,,Baden-Württemberg,,Karlsruhe,Wildparkstadion
VfL Bochum,2007-2008,12,10,11,13,48,54,−6,41,,Nordrhein-Westfalen,,Bochum,Rewirpowerstadion
Borussia Dortmund,2007-2008,13,10,10,14,50,62,−12,40,UEFA Cup first round,Nordrhein-Westfalen,Runner-up,Dortmund,Signal Iduna Park
Energie Cottbus,2007-2008,14,9,9,16,35,56,−21,36,,Brandenburg,,Cottbus,Stadion der Freundschaft
Arminia Bielefeld,2007-2008,15,8,10,16,35,60,−25,34,,Nordrhein-Westfalen,,Bielefeld,Schüco Arena
1.FC Nürnberg,2007-2008,16,7,10,17,35,51,−16,31,Bundesliga 2,Bayern,,Nürnberg,Easy Credit Stadion
Hansa Rostock,2007-2008,17,8,6,20,30,52,−22,30,Bundesliga 2,Mecklenburg-Vorpommern,,Rostock,Ostseestadion
MSV Duisburg,2007-2008,18,8,5,21,36,55,−19,29,Bundesliga 2,Nordrhein-Westfalen,,Duisburg,MSV Arena
VfB Stuttgart,2006-2007,1,21,7,6,61,37,24,70,Champions League group stage,Baden-Württemberg,Runner-up,Stuttgart,Mercedes Benz Arena
Schalke 04,2006-2007,2,21,5,8,53,32,21,68,Champions League group stage,Nordrhein-Westfalen,,Gelsenkirchen,Veltins Arena
Werder Bremen,2006-2007,3,20,6,8,76,40,36,66,Champions League third qualifying round,Bremen,,Bremen,Weserstadion
Bayern München,2006-2007,4,18,6,10,55,40,15,60,UEFA Cup first round,Bayern,,München,Allianz Arena
Bayer Leverkusen,2006-2007,5,15,6,13,54,49,5,51,UEFA Cup first round,Nordrhein-Westfalen,,Leverkusen,BayArena
1.FC Nürnberg,2006-2007,6,11,15,8,43,32,11,48,UEFA Cup first round,Bayern,Champion,Nürnberg,Easy Credit Stadion
Hamburger SV,2006-2007,7,10,15,9,43,37,6,45,Intertoto Cup third round,Hamburg,,Hamburg,Volksparkstadion
VfL Bochum,2006-2007,8,13,6,15,49,50,−1,45,,Nordrhein-Westfalen,,Bochum,Rewirpowerstadion
Borussia Dortmund,2006-2007,9,12,8,14,41,43,−2,44,,Nordrhein-Westfalen,,Dortmund,Signal Iduna Park
Hertha BSC,2006-2007,10,12,8,14,50,55,−5,44,,Berlin,,Berlin,Olympiastadion
Hannover 96,2006-2007,11,12,8,14,41,50,−9,44,,Niedersachsen,,Hanover,HDI Arena
Arminia Bielefeld,2006-2007,12,11,9,14,47,49,−2,42,,Nordrhein-Westfalen,,Bielefeld,Schüco Arena
Energie Cottbus,2006-2007,13,11,8,15,38,49,−11,41,,Brandenburg,,Cottbus,Stadion der Freundschaft
Eintracht Frankfurt,2006-2007,14,9,13,12,46,58,−12,40,,Hessen,,Frankfurt,Deutsche Bank Park
VfL Wolfsburg,2006-2007,15,8,13,13,37,45,−8,37,,Niedersachsen,,Wolfsburg,Volkswagen Arena
Mainz 05,2006-2007,16,8,10,16,34,57,−23,34,Bundesliga 2,Rheinland-Pfalz,,Mainz,Bruchwegstadion
Alemannia Aachen,2006-2007,17,9,7,18,46,70,−24,34,Bundesliga 2,Nordrhein-Westfalen,,Aachen,New Tivoli
Borussia Mönchengladbach,2006-2007,18,6,8,20,23,44,−21,26,Bundesliga 2,Nordrhein-Westfalen,,Mönchengladbach,Borussia Park
Bayern München,2005-2006,1,22,9,3,67,32,35,75,Champions League group stage,Bayern,Champion,München,Allianz Arena
Werder Bremen,2005-2006,2,21,7,6,79,37,42,70,Champions League group stage,Bremen,,Bremen,Weserstadion
Hamburger SV,2005-2006,3,21,5,8,53,30,23,68,Champions League third qualifying round,Hamburg,,Hamburg,Volksparkstadion
Schalke 04,2005-2006,4,16,13,5,47,31,16,61,UEFA Cup first round,Nordrhein-Westfalen,,Gelsenkirchen,Veltins Arena
Bayer Leverkusen,2005-2006,5,14,10,10,64,49,15,52,UEFA Cup first round,Nordrhein-Westfalen,,Leverkusen,BayArena
Hertha BSC,2005-2006,6,12,12,10,52,48,4,48,Intertoto Cup third round,Berlin,,Berlin,Olympiastadion
Borussia Dortmund,2005-2006,7,11,13,10,45,42,3,46,,Nordrhein-Westfalen,,Dortmund,Signal Iduna Park
1.FC Nürnberg,2005-2006,8,12,8,14,49,51,−2,44,,Bayern,,Nürnberg,Frankenstadion
VfB Stuttgart,2005-2006,9,9,16,9,37,39,−2,43,,Baden-Württemberg,,Stuttgart,Mercedes Benz Arena
Borussia Mönchengladbach,2005-2006,10,10,12,12,42,50,−8,42,,Nordrhein-Westfalen,,Mönchengladbach,Borussia Park
Mainz 05,2005-2006,11,9,11,14,46,47,−1,38,,Rheinland-Pfalz,,Mainz,Bruchwegstadion
Hannover 96,2005-2006,12,7,17,10,43,47,−4,38,,Niedersachsen,,Hanover,HDI Arena
Arminia Bielefeld,2005-2006,13,10,7,17,32,47,−15,37,,Nordrhein-Westfalen,,Bielefeld,Schüco Arena
Eintracht Frankfurt,2005-2006,14,9,9,16,42,51,−9,36,UEFA Cup first round,Hessen,Runner-up,Frankfurt,Deutsche Bank Park
VfL Wolfsburg,2005-2006,15,7,13,14,33,55,−22,34,,Niedersachsen,,Wolfsburg,Volkswagen Arena
1.FC Kaiserslautern,2005-2006,16,8,9,17,47,71,−24,33,Bundesliga 2,Rheinland-Pfalz,,Kaiserslautern,Fritz Walter Stadion
1.FC Köln,2005-2006,17,7,9,18,49,71,−22,30,Bundesliga 2,Nordrhein-Westfalen,,Köln,Müngersdorfer Stadion 
MSV Duisburg,2005-2006,18,5,12,17,34,63,−29,27,Bundesliga 2,Nordrhein-Westfalen,,Duisburg,MSV Arena
Bayern München,2004-2005,1,24,5,5,75,33,42,77,Champions League group stage,Bayern,Champion,München,Olympiapark München
Schalke 04,2004-2005,2,20,3,11,56,46,10,63,Champions League group stage,Nordrhein-Westfalen,Runner-up,Gelsenkirchen,Parkstadion
Werder Bremen,2004-2005,3,18,5,11,68,37,31,59,Champions League third qualifying round,Bremen,,Bremen,Weserstadion
Hertha BSC,2004-2005,4,15,13,6,59,31,28,58,UEFA Cup first round,Berlin,,Berlin,Olympiastadion
VfB Stuttgart,2004-2005,5,17,7,10,54,40,14,58,UEFA Cup first round,Baden-Württemberg,,Stuttgart,Mercedes Benz Arena
Bayer Leverkusen,2004-2005,6,16,9,9,65,44,21,57,UEFA Cup first round,Nordrhein-Westfalen,,Leverkusen,BayArena
Borussia Dortmund,2004-2005,7,15,10,9,47,44,3,55,Intertoto Cup third round,Nordrhein-Westfalen,,Dortmund,Signal Iduna Park
Hamburger SV,2004-2005,8,16,3,15,55,50,5,51,Intertoto Cup second round,Hamburg,,Hamburg,Volksparkstadion
VfL Wolfsburg,2004-2005,9,15,3,16,49,51,−2,48,Intertoto Cup second round,Niedersachsen,,Wolfsburg,Volkswagen Arena
Hannover 96,2004-2005,10,13,6,15,34,36,−2,45,,Niedersachsen,,Hanover,HDI Arena
Mainz 05,2004-2005,11,12,7,15,50,55,−5,43,UEFA Cup first qualifyng round,Rheinland-Pfalz,,Mainz,Bruchwegstadion
1.FC Kaiserslautern,2004-2005,12,12,6,16,43,52,−9,42,,Rheinland-Pfalz,,Kaiserslautern,Fritz Walter Stadion
Arminia Bielefeld,2004-2005,13,11,7,16,37,49,−12,40,,Nordrhein-Westfalen,,Bielefeld,Schüco Arena
1.FC Nürnberg,2004-2005,14,10,8,16,55,63,−8,38,,Bayern,,Nürnberg,Frankenstadion
Borussia Mönchengladbach,2004-2005,15,8,12,14,35,51,−16,36,,Nordrhein-Westfalen,,Mönchengladbach,Borussia Park
VfL Bochum,2004-2005,16,9,8,17,47,68,−21,35,Bundesliga 2,Nordrhein-Westfalen,,Bochum,Rewirpowerstadion
Hansa Rostock,2004-2005,17,7,9,18,31,65,−34,30,Bundesliga 2,Mecklenburg-Vorpommern,,Rostock,Ostseestadion
SC Freiburg,2004-2005,18,3,9,22,30,75,−45,18,Bundesliga 2,Baden-Württemberg,,Freiburg,Schwarzwald Stadion
Werder Bremen,2003-2004,1,22,8,4,79,38,41,74,Champions League group stage,Bremen,Champion,Bremen,Weserstadion
Bayern München,2003-2004,2,20,8,6,70,39,31,68,Champions League group stage,Bayern,,München,Olympiapark München
Bayer Leverkusen,2003-2004,3,19,8,7,73,39,34,65,Champions League third qualifying round,Nordrhein-Westfalen,,Leverkusen,BayArena
VfB Stuttgart,2003-2004,4,18,10,6,52,24,28,64,UEFA Cup first round,Baden-Württemberg,,Stuttgart,Mercedes Benz Arena
VfL Bochum,2003-2004,5,15,11,8,57,39,18,56,UEFA Cup first round,Nordrhein-Westfalen,,Bochum,Rewirpowerstadion
Borussia Dortmund,2003-2004,6,16,7,11,59,48,11,55,Intertoto Cup third round,Nordrhein-Westfalen,,Dortmund,Signal Iduna Park
Schalke 04,2003-2004,7,13,11,10,49,42,7,50,Intertoto Cup third round,Nordrhein-Westfalen,,Gelsenkirchen,Parkstadion
Hamburger SV,2003-2004,8,14,7,13,47,60,−13,49,Intertoto Cup third round,Hamburg,,Hamburg,Volksparkstadion
Hansa Rostock,2003-2004,9,12,8,14,55,54,1,44,,Mecklenburg-Vorpommern,,Rostock,Ostseestadion
VfL Wolfsburg,2003-2004,10,13,3,18,56,61,−5,42,Intertoto Cup second round,Niedersachsen,,Wolfsburg,Volkswagen Arena
Borussia Mönchengladbach,2003-2004,11,10,9,15,40,49,−9,39,,Nordrhein-Westfalen,,Mönchengladbach,Borussia Park
Hertha BSC,2003-2004,12,9,12,13,42,59,−17,39,,Berlin,,Berlin,Olympiastadion
SC Freiburg,2003-2004,13,10,8,16,42,67,−25,38,,Baden-Württemberg,,Freiburg,Schwarzwald Stadion
Hannover 96,2003-2004,14,9,10,15,49,63,−14,37,,Niedersachsen,,Hanover,HDI Arena
1.FC Kaiserslautern,2003-2004,15,11,6,17,39,62,−23,36,,Rheinland-Pfalz,,Kaiserslautern,Fritz Walter Stadion
Eintracht Frankfurt,2003-2004,16,9,5,20,36,53,−17,32,Bundesliga 2,Hessen,,Frankfurt,Deutsche Bank Park
1860 München,2003-2004,17,8,8,18,32,55,−23,32,Bundesliga 2,Bayern,,München,Olympiapark München
1.FC Köln,2003-2004,18,6,5,23,32,57,−25,23,Bundesliga 2,Nordrhein-Westfalen,,Köln,Müngersdorfer Stadion 
Bayern München,2002-2003,1,23,6,5,70,25,45,75,Champions League group stage,Bayern,Champion,München,Olympiapark München
VfB Stuttgart,2002-2003,2,17,8,9,53,39,14,59,Champions League group stage,Baden-Württemberg,,Stuttgart,Mercedes Benz Arena
Borussia Dortmund,2002-2003,3,15,13,6,51,27,24,58,Champions League third qualifying round,Nordrhein-Westfalen,,Dortmund,Signal Iduna Park
Hamburger SV,2002-2003,4,15,11,8,46,36,10,56,UEFA Cup first round,Hamburg,,Hamburg,Volksparkstadion
Hertha BSC,2002-2003,5,16,6,12,52,43,9,54,UEFA Cup first round,Berlin,,Berlin,Olympiastadion
Werder Bremen,2002-2003,6,16,4,14,51,50,1,52,Intertoto Cup third round,Bremen,,Bremen,Weserstadion
Schalke 04,2002-2003,7,12,13,9,46,40,6,49,Intertoto Cup third round,Nordrhein-Westfalen,,Gelsenkirchen,Parkstadion
VfL Wolfsburg,2002-2003,8,13,7,14,39,42,−3,46,,Niedersachsen,,Wolfsburg,Volkswagen Arena
VfL Bochum,2002-2003,9,12,9,13,55,56,−1,45,,Nordrhein-Westfalen,,Bochum,Rewirpowerstadion
1860 München,2002-2003,10,12,9,13,44,52,−8,45,Intertoto Cup second round,Bayern,,München,Olympiapark München
Hannover 96,2002-2003,11,12,7,15,47,57,−10,43,,Niedersachsen,,Hanover,HDI Arena
Borussia Mönchengladbach,2002-2003,12,11,9,14,43,45,−2,42,,Nordrhein-Westfalen,,Mönchengladbach,Borussia Park
Hansa Rostock,2002-2003,13,11,8,15,35,41,−6,41,,Mecklenburg-Vorpommern,,Rostock,Ostseestadion
1.FC Kaiserslautern,2002-2003,14,10,10,14,40,42,−2,40,Intertoto Cup third round,Rheinland-Pfalz,Runner-up,Kaiserslautern,Fritz Walter Stadion
Bayer Leverkusen,2002-2003,15,11,7,16,47,56,−9,40,,Nordrhein-Westfalen,,Leverkusen,BayArena
Arminia Bielefeld,2002-2003,16,8,12,14,35,46,−11,36,Bundesliga 2,Nordrhein-Westfalen,,Bielefeld,Stadion Alm
1.FC Nürnberg,2002-2003,17,8,6,20,33,60,−27,30,Bundesliga 2,Bayern,,Nürnberg,Frankenstadion
Energie Cottbus,2002-2003,18,7,9,18,34,64,−30,30,Bundesliga 2,Brandenburg,,Cottbus,Stadion der Freundschaft
Borussia Dortmund,2001-2002,1,21,7,6,62,33,29,70,Champions League group stage,Nordrhein-Westfalen,,Dortmund,Signal Iduna Park
Bayer Leverkusen,2001-2002,2,21,6,7,77,38,39,69,Champions League group stage,Nordrhein-Westfalen,Runner-up,Leverkusen,BayArena
Bayern München,2001-2002,3,20,8,6,65,25,40,68,Champions League third qualifying round,Bayern,,München,Olympiapark München
Hertha BSC,2001-2002,4,18,7,9,61,38,23,61,UEFA Cup first round,Berlin,,Berlin,Olympiastadion
Schalke 04,2001-2002,5,18,7,9,52,36,16,61,UEFA Cup first round,Nordrhein-Westfalen,Champion,Gelsenkirchen,Parkstadion
Werder Bremen,2001-2002,6,17,5,12,54,43,11,56,UEFA Cup first round,Bremen,,Bremen,Weserstadion
1.FC Kaiserslautern,2001-2002,7,17,5,12,62,53,9,56,Intertoto Cup third round,Rheinland-Pfalz,,Kaiserslautern,Fritz Walter Stadion
VfB Stuttgart,2001-2002,8,13,11,10,47,43,4,50,Intertoto Cup third round,Baden-Württemberg,,Stuttgart,Mercedes Benz Arena
1860 München,2001-2002,9,15,5,14,59,59,0,50,Intertoto Cup second round,Bayern,,München,Olympiapark München
VfL Wolfsburg,2001-2002,10,13,7,14,57,49,8,46,,Niedersachsen,,Wolfsburg,Volkswagen Arena
Hamburger SV,2001-2002,11,10,10,14,51,57,−6,40,,Hamburg,,Hamburg,Volksparkstadion
Borussia Mönchengladbach,2001-2002,12,9,12,13,41,53,−12,39,,Nordrhein-Westfalen,,Mönchengladbach,Borussia Park
Energie Cottbus,2001-2002,13,9,8,17,36,60,−24,35,,Brandenburg,,Cottbus,Stadion der Freundschaft
Hansa Rostock,2001-2002,14,9,7,18,35,54,−19,34,,Mecklenburg-Vorpommern,,Rostock,Ostseestadion
1.FC Nürnberg,2001-2002,15,10,4,20,34,57,−23,34,,Bayern,,Nürnberg,Frankenstadion
SC Freiburg,2001-2002,16,7,9,18,37,64,−27,30,Bundesliga 2,Baden-Württemberg,,Freiburg,Schwarzwald Stadion
1.FC Köln,2001-2002,17,7,8,19,26,61,−35,29,Bundesliga 2,Nordrhein-Westfalen,,Köln,Müngersdorfer Stadion 
FC St. Pauli,2001-2002,18,4,10,20,37,70,−33,22,Bundesliga 2,Hamburg,,Hamburg,Millerntor Stadion
Bayern München,2000-2001,1,19,6,9,62,37,25,63,Champions League group stage,Bayern,,München,Olympiapark München
Schalke 04,2000-2001,2,18,8,8,65,35,30,62,Champions League group stage,Nordrhein-Westfalen,Champion,Gelsenkirchen,Parkstadion
Borussia Dortmund,2000-2001,3,16,10,8,62,42,20,58,Champions League third qualifying round,Nordrhein-Westfalen,,Dortmund,Westalenstadion
Bayer Leverkusen,2000-2001,4,17,6,11,54,40,14,57,Champions League third qualifying round,Nordrhein-Westfalen,,Leverkusen,BayArena
Hertha BSC,2000-2001,5,18,2,14,58,52,6,56,UEFA Cup first round,Berlin,,Berlin,Olympianstadion
SC Freiburg,2000-2001,6,15,10,9,54,37,17,55,UEFA Cup first round,Baden-Württemberg,,Freiburg,Dreisamstadion
Werder Bremen,2000-2001,7,15,8,11,53,48,5,53,Intertoto Cup third round,Bremen,,Bremen,Weserstadion
1.FC Kaiserslautern,2000-2001,8,15,5,14,49,54,-5,50,,Rheinland-Pfalz,,Kaiserslautern,Fritz Walter Stadion
VfL Wolfsburg,2000-2001,9,12,11,11,60,45,15,47,Intertoto Cup third round,Niedersachsen,,Wolfsburg,Vfl-Stadion am Eisterweg
1.FC Köln,2000-2001,10,12,10,12,59,52,7,46,,Nordrhein-Westfalen,,Köln,Müngersdorfer Stadion 
1860 München,2000-2001,11,12,8,14,43,55,-12,44,Intertoto Cup second round,Bayern,,München,Olympiapark München
Hansa Rostock,2000-2001,12,12,7,15,34,47,-13,43,,Mecklenburg-Vorpommern,,Rostock,Ostseestadion
Hamburger SV,2000-2001,13,10,11,13,58,58,0,41,,Hamburg,,Hamburg,Volksparkstadion
Energie Cottbus,2000-2001,14,12,3,19,38,52,-14,39,,Brandenburg,,Cottbus,Stadion der Freundschaft
VfB Stuttgart,2000-2001,15,9,11,14,42,49,-7,38,,Baden-Württemberg,,Stuttgart,Gottlieb-Daimler-Stadion
SpVgg Unterhaching,2000-2001,16,8,11,15,35,59,-24,35,Bundesliga 2,Bayern,,Unterhaching,Sportpark Unterhaching
Eintracht Frankfurt,2000-2001,17,10,5,19,41,68,-27,35,Bundesliga 2,Hessen,,Frankfurt,Waldstadion
VfL Bochum,2000-2001,18,7,6,21,30,67,-37,27,Bundesliga 2,Nordrhein-Westfalen,,Bochum,Ruhrstadion
Bayern München,1999-2000,1,22,7,5,73,28,45,73,Champions League group stage,Bayern,Champion,München,Olympiapark München
Bayer Leverkusen,1999-2000,2,21,10,3,74,36,38,73,Champions League group stage,Nordrhein-Westfalen,,Leverkusen,BayArena
Hamburger SV,1999-2000,3,16,11,7,63,39,24,59,Champions League third qualifying round,Hamburg,,Hamburg,Volksparkstadion
1860 München,1999-2000,4,14,11,9,55,48,7,53,Champions League third qualifying round,Bayern,,München,Olympiapark München
1.FC Kaiserslautern,1999-2000,5,15,5,14,5,59,-5,50,UEFA Cup first round,Rheinland-Pfalz,,Kaiserslautern,Fritz Walter Stadion
Hertha BSC,1999-2000,6,13,11,10,39,46,-7,50,UEFA Cup first round,Berlin,,Berlin,Olympianstadion
VfL Wolfsburg,1999-2000,7,12,13,9,51,58,-7,49,Intertoto Cup third round,Niedersachsen,,Wolfsburg,Vfl-Stadion am Eisterweg
VfB Stuttgart,1999-2000,8,14,6,14,44,47,-3,48,Intertoto Cup second round,Baden-Württemberg,,Stuttgart,Gottlieb-Daimler-Stadion
Werder Bremen,1999-2000,9,13,8,13,65,52,13,47,UEFA Cup first round,Bremen,Runner-up,Bremen,Weserstadion
SpVgg Unterhaching,1999-2000,10,12,8,14,40,42,-2,44,,Bayern,,Unterhaching,Sportpark Unterhaching
Borussia Dortmund,1999-2000,11,9,13,12,41,38,3,40,,Nordrhein-Westfalen,,Dortmund,Westalenstadion
SC Freiburg,1999-2000,12,10,10,14,45,50,-5,40,,Baden-Württemberg,,Freiburg,Dreisamstadion
Schalke 04,1999-2000,13,8,15,11,42,44,-2,39,,Nordrhein-Westfalen,,Gelsenkirchen,Parkstadion
Eintracht Frankfurt,1999-2000,14,12,5,17,42,44,-2,39,,Hessen,,Frankfurt,Waldstadion
Hansa Rostock,1999-2000,15,8,14,12,44,60,-16,38,,Mecklenburg-Vorpommern,,Rostock,Ostseestadion
SSV Ulm 1846,1999-2000,16,9,8,17,36,62,-26,35,Bundesliga 2,Baden-Württemberg,,Ulm,Donaustadion
Arminia Bielefeld,1999-2000,17,7,9,18,40,61,-21,30,Bundesliga 2,Nordrhein-Westfalen,,Bielefeld,Stadion Alm
MSV Duisburg,1999-2000,18,4,10,20,37,71,-34,22,Bundesliga 2,Nordrhein-Westfalen,,Duisburg,MSV Arena